Workbook
Name TaskStatus: 'Task Registry'!$G$2:$G$44
Name TaskFeature: 'Task Registry'!$B$2:$B$44
Name TaskSP: 'Task Registry'!$F$2:$F$44
Name TaskSprint: 'Task Registry'!$H$2:$H$44
Name ActualSP: 'Sprint Planner'!$E$2:$E$10
Name PlannedSP: 'Sprint Planner'!$D$2:$D$10

Sheet Task Registry
A1: ID | B1: Feature | C1: Story | D1: Task Title | E1: Priority | F1: Story Points | G1: Status | H1: Sprint | I1: Assignee | J1: Dependencies | K1: Notes
A2: F1-T01 | B2: F1 | C2: S-PDF | D2: MD→PDF Rendering Engine | E2: P0 | F2: 5 | G2: Not Started | H2: Sprint 1
A3: F1-T02 | B3: F1 | C3: S-PDF | D3: Caption Generator Module | E3: P0 | F3: 3 | G3: Not Started | H3: Sprint 1
A4: F1-T03 | B4: F1 | C4: S-PDF | D4: TOC / TOA Auto-Builder | E4: P0 | F4: 5 | G4: Not Started | H4: Sprint 2
A5: F1-T04 | B5: F1 | C5: S-PDF | D5: Exhibit Bates Stamper | E5: P0 | F5: 5 | G5: Not Started | H5: Sprint 2
A6: F1-T05 | B6: F1 | C6: S-PDF | D6: PDF/A Compliance Validator | E6: P0 | F6: 3 | G6: Not Started | H6: Sprint 3
A7: F2-T01 | B7: F2 | C7: S-MBP | D7: Neural Intent Classifier | E7: P0 | F7: 8 | G7: Not Started | H7: Sprint 2
A8: F2-T02 | B8: F2 | C8: S-MBP | D8: Ensemble Scoring Pipeline | E8: P0 | F8: 5 | G8: Not Started | H8: Sprint 3
A9: F2-T03 | B9: F2 | C9: S-MBP | D9: Self-Evolution Feedback Loop | E9: P0 | F9: 8 | G9: Not Started | H9: Sprint 4
A10: F2-T04 | B10: F2 | C10: S-MBP | D10: BM25+ Retrieval Upgrade | E10: P0 | F10: 5 | G10: Not Started | H10: Sprint 3
A11: F2-T05 | B11: F2 | C11: S-MBP | D11: Confidence Calibration Module | E11: P0 | F11: 3 | G11: Not Started | H11: Sprint 4
A12: F3-T01 | B12: F3 | C12: S-DRV | D12: 6-Drive Inventory Scanner | E12: P1 | F12: 5 | G12: Not Started | H12: Sprint 1
A13: F3-T02 | B13: F3 | C13: S-DRV | D13: Global Content-Based Dedup | E13: P1 | F13: 8 | G13: Not Started | H13: Sprint 2
... A44: F8-T06 | B44: F8 | C44: S-PRD | D44: License Key Manager | E44: P2 | F44: 3 | G44: Not Started | H44: Sprint 9

Sheet Sprint Planner
A1: Sprint # | B1: Start Date | C1: End Date | D1: Planned SP | E1: Actual SP | F1: Velocity | G1: Features in Sprint | H1: Completion %
A2: 1 | B2: 45852 | C2: 45865 | D2: 18 | E2: 0 | F2: =E2 | G2: F1, F3, F4 | H2: =IF(D2=0,0,E2/D2)
A3: 2 | B3: 45866 | C3: 45879 | D3: 34 | E3: 0 | F3: =E3 | G3: F1, F2, F3, F4 | H3: =IF(D3=0,0,E3/D3)
A4: 3 | B4: 45880 | C4: 45893 | D4: 42 | E4: 0 | F4: =E4 | G4: F1, F2, F3, F4, F5 | H4: =IF(D4=0,0,E4/D4)
A5: 4 | B5: 45894 | C5: 45907 | D5: 37 | E5: 0 | F5: =E5 | G5: F2, F4, F5, F6 | H5: =IF(D5=0,0,E5/D5)
A6: 5 | B6: 45908 | C6: 45921 | D6: 34 | E6: 0 | F6: =E6 | G6: F4, F5, F6, F7 | H6: =IF(D6=0,0,E6/D6)
A7: 6 | B7: 45922 | C7: 45935 | D7: 23 | E7: 0 | F7: =E7 | G7: F6, F7, F8 | H7: =IF(D7=0,0,E7/D7)
A8: 7 | B8: 45936 | C8: 45949 | D8: 21 | E8: 0 | F8: =E8 | G8: F7, F8 | H8: =IF(D8=0,0,E8/D8)
A9: 8 | B9: 45950 | C9: 45963 | D9: 18 | E9: 0 | F9: =E9 | G9: F7, F8 | H9: =IF(D9=0,0,E9/D9)
A10: 9 | B10: 45964 | C10: 45977 | D10: 6 | E10: 0 | F10: =E10 | G10: F8 | H10: =IF(D10=0,0,E10/D10)

Sheet Burndown
A1: Sprint | B1: Ideal Remaining | C1: Actual Remaining
A2: 1 | B2: =ROUND(233-A2*(233/9),0) | C2: =233-SUM('Sprint Planner'!$E$2:$E$2)
A3: 2 | B3: =ROUND(233-A3*(233/9),0) | C3: =233-SUM('Sprint Planner'!$E$2:$E$3)
A4: 3 | B4: =ROUND(233-A4*(233/9),0) | C4: =233-SUM('Sprint Planner'!$E$2:$E$4)
A5: 4 | B5: =ROUND(233-A5*(233/9),0) | C5: =233-SUM('Sprint Planner'!$E$2:$E$5)
A6: 5 | B6: =ROUND(233-A6*(233/9),0) | C6: =233-SUM('Sprint Planner'!$E$2:$E$6)
A7: 6 | B7: =ROUND(233-A7*(233/9),0) | C7: =233-SUM('Sprint Planner'!$E$2:$E$7)
A8: 7 | B8: =ROUND(233-A8*(233/9),0) | C8: =233-SUM('Sprint Planner'!$E$2:$E$8)
A9: 8 | B9: =ROUND(233-A9*(233/9),0) | C9: =233-SUM('Sprint Planner'!$E$2:$E$9)
A10: 9 | B10: =ROUND(233-A10*(233/9),0) | C10: =233-SUM('Sprint Planner'!$E$2:$E$10)
A12: 📊 Chart Note:
A13: Select A1:C10 → Insert → Line Chart to visualize burndown. Ideal = straight line, Actual = progress curve.

Sheet Dependency Matrix
A1: Feature ↓ \ Depends On → | B1: F1 | C1: F2 | D1: F3 | E1: F4 | F1: F5 | G1: F6 | H1: F7 | I1: F8
A2: F1 | B2: — | F2: ←
A3: F2 | C3: — | E3: → | G3: ←
A4: F3 | D4: —
A5: F4 | C5: ← | E5: — | G5: ←
A6: F5 | B6: → | F6: — | I6: ←
A7: F6 | C7: → | E7: → | G7: — | H7: ←
A8: F7 | G8: → | H8: —
A9: F8 | F9: → | I9: —
A12: Critical Paths:
A13: Path A: F4 → F2 → F6 → F7 (Skill Framework enables MANBEARPIG enables RAG enables Self-Evolution)
A14: Path B: F1 → F5 → F8 (PDF Tooling enables Filing Automation enables Productization)
A15: F3 (Drive Reorganization): Independent — can run in parallel with all paths

Sheet Dashboard
A1: 🏗️ PROJECT COMMAND CENTER
A3: Total Tasks | B3: Done | C3: In Progress | D3: Blocked | E3: Not Started | F3: % Complete
A4: =COUNTA('Task Registry'!A2:A44) | B4: =COUNTIF(TaskStatus,"Done") | C4: =COUNTIF(TaskStatus,"In Progress") | D4: =COUNTIF(TaskStatus,"Blocked") | E4: =COUNTIF(TaskStatus,"Not Started") | F4: =IF(A4=0,0,B4/A4)
A6: 📋 Feature Breakdown
A7: Feature ID | B7: Feature Name | C7: Total Tasks | D7: Done | E7: In Progress | F7: Story Points
A8: F1 | B8: PDF Tooling | C8: =COUNTIF(TaskFeature,"F1") | D8: =COUNTIFS(TaskFeature,"F1",TaskStatus,"Done") | E8: =COUNTIFS(TaskFeature,"F1",TaskStatus,"In Progress") | F8: =SUMIF(TaskFeature,"F1",TaskSP)
A9: F2 | B9: MANBEARPIG v10 | C9: =COUNTIF(TaskFeature,"F2") | D9: =COUNTIFS(TaskFeature,"F2",TaskStatus,"Done") | E9: =COUNTIFS(TaskFeature,"F2",TaskStatus,"In Progress") | F9: =SUMIF(TaskFeature,"F2",TaskSP)
A10: F3 | B10: Drive Reorganization | C10: =COUNTIF(TaskFeature,"F3") | D10: =COUNTIFS(TaskFeature,"F3",TaskStatus,"Done") | E10: =COUNTIFS(TaskFeature,"F3",TaskStatus,"In Progress") | F10: =SUMIF(TaskFeature,"F3",TaskSP)
A11: F4 | B11: Skill Framework | C11: =COUNTIF(TaskFeature,"F4") | D11: =COUNTIFS(TaskFeature,"F4",TaskStatus,"Done") | E11: =COUNTIFS(TaskFeature,"F4",TaskStatus,"In Progress") | F11: =SUMIF(TaskFeature,"F4",TaskSP)
A12: F5 | B12: Filing Automation | C12: =COUNTIF(TaskFeature,"F5") | D12: =COUNTIFS(TaskFeature,"F5",TaskStatus,"Done") | E12: =COUNTIFS(TaskFeature,"F5",TaskStatus,"In Progress") | F12: =SUMIF(TaskFeature,"F5",TaskSP)
A13: F6 | B13: RAG Pipeline | C13: =COUNTIF(TaskFeature,"F6") | D13: =COUNTIFS(TaskFeature,"F6",TaskStatus,"Done") | E13: =COUNTIFS(TaskFeature,"F6",TaskStatus,"In Progress") | F13: =SUMIF(TaskFeature,"F6",TaskSP)
A14: F7 | B14: Self-Evolution | C14: =COUNTIF(TaskFeature,"F7") | D14: =COUNTIFS(TaskFeature,"F7",TaskStatus,"Done") | E14: =COUNTIFS(TaskFeature,"F7",TaskStatus,"In Progress") | F14: =SUMIF(TaskFeature,"F7",TaskSP)
A15: F8 | B15: Productization | C15: =COUNTIF(TaskFeature,"F8") | D15: =COUNTIFS(TaskFeature,"F8",TaskStatus,"Done") | E15: =COUNTIFS(TaskFeature,"F8",TaskStatus,"In Progress") | F15: =SUMIF(TaskFeature,"F8",TaskSP)
A16: TOTAL | B16: All Features | C16: =SUM(C8:C15) | D16: =SUM(D8:D15) | E16: =SUM(E8:E15) | F16: =SUM(F8:F15)
A19: 🚀 Sprint Velocity Trend
A20: Sprint | B20: Planned SP | C20: Actual SP | D20: Velocity | E20: Cumulative SP | F20: % of Total
A21: 1 | B21: ='Sprint Planner'!D2 | C21: ='Sprint Planner'!E2 | D21: ='Sprint Planner'!F2 | E21: =SUM('Sprint Planner'!$E$2:$E$2) | F21: =IF(233=0,0,E21/233)
A22: 2 | B22: ='Sprint Planner'!D3 | C22: ='Sprint Planner'!E3 | D22: ='Sprint Planner'!F3 | E22: =SUM('Sprint Planner'!$E$2:$E$3) | F22: =IF(233=0,0,E22/233)
A23: 3 | B23: ='Sprint Planner'!D4 | C23: ='Sprint Planner'!E4 | D23: ='Sprint Planner'!F4 | E23: =SUM('Sprint Planner'!$E$2:$E$4) | F23: =IF(233=0,0,E23/233)
A24: 4 | B24: ='Sprint Planner'!D5 | C24: ='Sprint Planner'!E5 | D24: ='Sprint Planner'!F5 | E24: =SUM('Sprint Planner'!$E$2:$E$5) | F24: =IF(233=0,0,E24/233)
A25: 5 | B25: ='Sprint Planner'!D6 | C25: ='Sprint Planner'!E6 | D25: ='Sprint Planner'!F6 | E25: =SUM('Sprint Planner'!$E$2:$E$6) | F25: =IF(233=0,0,E25/233)
A26: 6 | B26: ='Sprint Planner'!D7 | C26: ='Sprint Planner'!E7 | D26: ='Sprint Planner'!F7 | E26: =SUM('Sprint Planner'!$E$2:$E$7) | F26: =IF(233=0,0,E26/233)
A27: 7 | B27: ='Sprint Planner'!D8 | C27: ='Sprint Planner'!E8 | D27: ='Sprint Planner'!F8 | E27: =SUM('Sprint Planner'!$E$2:$E$8) | F27: =IF(233=0,0,E27/233)
A28: 8 | B28: ='Sprint Planner'!D9 | C28: ='Sprint Planner'!E9 | D28: ='Sprint Planner'!F9 | E28: =SUM('Sprint Planner'!$E$2:$E$9) | F28: =IF(233=0,0,E28/233)
A29: 9 | B29: ='Sprint Planner'!D10 | C29: ='Sprint Planner'!E10 | D29: ='Sprint Planner'!F10 | E29: =SUM('Sprint Planner'!$E$2:$E$10) | F29: =IF(233=0,0,E29/233)
