Workbook

Sheet Scoreboard
A1: FILING READINESS SCOREBOARD — 2026-03-12
A2: WEIGHTS → | D2: 0.15 | E2: 0.12 | F2: 0.1 | G2: 0.1 | H2: 0.1 | I2: 0.12 | J2: 0.1 | K2: 0.08 | L2: 0.08 | M2: 0.05
A3: # | B3: Filing Package | C3: Court | D3: A: Citations | E3: B: Placeholders | F3: C: Party Names | G3: D: Case Numbers | H3: E: MCR Format | I3: F: Evidence | J3: G: Authority | K3: H: Proof of Svc | L3: I: SCAO Forms | M3: J: Signature | N3: Weighted Score | O3: GO / NO-GO | P3: Status
A4: 1 | B4: JTC v. McNeill | C4: JTC | D4: 10 | E4: 10 | F4: 10 | G4: 10 | H4: 10 | I4: 10 | J4: 10 | K4: 10 | L4: 10 | M4: 6 | N4: =SUMPRODUCT($D$2:$M$2,D4:M4)*10 | O4: =IF(N4>=80,"GO",IF(N4>=60,"CONDITIONAL","NO-GO")) | P4: READY
A5: 2 | B5: Emergency PT Motion | C5: 14th Circuit | D5: 10 | E5: 10 | F5: 10 | G5: 10 | H5: 10 | I5: 9 | J5: 9 | K5: 9 | L5: 9 | M5: 2 | N5: =SUMPRODUCT($D$2:$M$2,D5:M5)*10 | O5: =IF(N5>=80,"GO",IF(N5>=60,"CONDITIONAL","NO-GO")) | P5: READY
A6: 3 | B6: 22-Count Housing Mega | C6: 14th Circuit | D6: 10 | E6: 10 | F6: 10 | G6: 10 | H6: 10 | I6: 9 | J6: 9 | K6: 9 | L6: 9 | M6: 0 | N6: =SUMPRODUCT($D$2:$M$2,D6:M6)*10 | O6: =IF(N6>=80,"GO",IF(N6>=60,"CONDITIONAL","NO-GO")) | P6: READY
A7: 4 | B7: MSC Emergency Application | C7: MSC | D7: 10 | E7: 10 | F7: 10 | G7: 10 | H7: 10 | I7: 9 | J7: 9 | K7: 9 | L7: 9 | M7: 0 | N7: =SUMPRODUCT($D$2:$M$2,D7:M7)*10 | O7: =IF(N7>=80,"GO",IF(N7>=60,"CONDITIONAL","NO-GO")) | P7: READY
A8: 5 | B8: MSC Superintending Control | C8: MSC | D8: 10 | E8: 10 | F8: 10 | G8: 10 | H8: 10 | I8: 9 | J8: 9 | K8: 9 | L8: 9 | M8: 0 | N8: =SUMPRODUCT($D$2:$M$2,D8:M8)*10 | O8: =IF(N8>=80,"GO",IF(N8>=60,"CONDITIONAL","NO-GO")) | P8: READY
A9: 6 | B9: MSC Habeas Corpus | C9: MSC | D9: 10 | E9: 10 | F9: 10 | G9: 10 | H9: 10 | I9: 9 | J9: 9 | K9: 9 | L9: 9 | M9: 0 | N9: =SUMPRODUCT($D$2:$M$2,D9:M9)*10 | O9: =IF(N9>=80,"GO",IF(N9>=60,"CONDITIONAL","NO-GO")) | P9: READY
A10: 7 | B10: MSC Mandamus | C10: MSC | D10: 10 | E10: 10 | F10: 10 | G10: 10 | H10: 10 | I10: 9 | J10: 9 | K10: 9 | L10: 9 | M10: 0 | N10: =SUMPRODUCT($D$2:$M$2,D10:M10)*10 | O10: =IF(N10>=80,"GO",IF(N10>=60,"CONDITIONAL","NO-GO")) | P10: READY
A11: 8 | B11: MSC Declaratory Judgment | C11: MSC | D11: 9 | E11: 9 | F11: 9 | G11: 9 | H11: 9 | I11: 9 | J11: 9 | K11: 9 | L11: 9 | M11: 5 | N11: =SUMPRODUCT($D$2:$M$2,D11:M11)*10 | O11: =IF(N11>=80,"GO",IF(N11>=60,"CONDITIONAL","NO-GO")) | P11: NEAR-READY
A12: 9 | B12: Disqualification Motion | C12: 14th Circuit | D12: 9 | E12: 9 | F12: 9 | G12: 9 | H12: 9 | I12: 9 | J12: 9 | K12: 9 | L12: 9 | M12: 5 | N12: =SUMPRODUCT($D$2:$M$2,D12:M12)*10 | O12: =IF(N12>=80,"GO",IF(N12>=60,"CONDITIONAL","NO-GO")) | P12: NEAR-READY
A13: 10 | B13: Contempt Show Cause | C13: 14th Circuit | D13: 9 | E13: 9 | F13: 9 | G13: 9 | H13: 9 | I13: 9 | J13: 9 | K13: 9 | L13: 9 | M13: 5 | N13: =SUMPRODUCT($D$2:$M$2,D13:M13)*10 | O13: =IF(N13>=80,"GO",IF(N13>=60,"CONDITIONAL","NO-GO")) | P13: NEAR-READY
A14: 11 | B14: Shady Oaks Circuit | C14: 14th Circuit | D14: 8 | E14: 8 | F14: 8 | G14: 8 | H14: 8 | I14: 8 | J14: 8 | K14: 8 | L14: 8 | M14: 10 | N14: =SUMPRODUCT($D$2:$M$2,D14:M14)*10 | O14: =IF(N14>=80,"GO",IF(N14>=60,"CONDITIONAL","NO-GO")) | P14: NEAR-READY
A15: 12 | B15: AGC v. Berry | C15: AGC | D15: 8 | E15: 8 | F15: 8 | G15: 8 | H15: 8 | I15: 8 | J15: 8 | K15: 8 | L15: 8 | M15: 10 | N15: =SUMPRODUCT($D$2:$M$2,D15:M15)*10 | O15: =IF(N15>=80,"GO",IF(N15>=60,"CONDITIONAL","NO-GO")) | P15: NEAR-READY
... A27: 24 | B27: MSC IFP Application | C27: MSC | D27: 6 | E27: 6 | F27: 6 | G27: 6 | H27: 6 | I27: 6 | J27: 6 | K27: 5 | L27: 5 | M27: 10 | N27: =SUMPRODUCT($D$2:$M$2,D27:M27)*10 | O27: =IF(N27>=80,"GO",IF(N27>=60,"CONDITIONAL","NO-GO")) | P27: IN PROGRESS
A28: 25 | B28: MDHHS Complaint | C28: MDHHS | D28: 0 | E28: 0 | F28: 0 | G28: 0 | H28: 0 | I28: 0 | J28: 0 | K28: 0 | L28: 0 | M28: 0 | N28: 0 | O28: NO-GO | P28: CANCELLED
A29: 26 | B29: Malpractice Expert Affidavit | C29: N/A | D29: 0 | E29: 0 | F29: 0 | G29: 0 | H29: 0 | I29: 0 | J29: 0 | K29: 0 | L29: 0 | M29: 0 | N29: 0 | O29: NO-GO | P29: BLOCKED

Sheet Dimension Detail
A1: QA DIMENSION DEFINITIONS — 2026-03-12
A2: Dim | B2: Dimension Name | C2: Weight | D2: Description | E2: Check Method | F2: Pass Criteria
A3: A | B3: Citations Verified | C3: 0.15 | D3: All legal citations verified against Westlaw/Casetext | E3: Automated citation parser + manual spot-check | F3: 100% citations resolve to valid authority
A4: B | B4: Placeholders Resolved | C4: 0.12 | D4: All [PLACEHOLDER] tags resolved with real content | E4: Regex scan for bracket patterns | F4: Zero unresolved placeholders in final draft
A5: C | B5: Party Names Correct | C5: 0.1 | D5: All party names match case caption exactly | E5: NER extraction vs. case caption comparison | F5: 100% name match with docket caption
A6: D | B6: Case Numbers Correct | C6: 0.1 | D6: Case numbers match court records | E6: Pattern match + court API verification | F6: All case numbers match assigned docket
A7: E | B7: MCR Format Compliance | C7: 0.1 | D7: Document format meets Michigan Court Rules | E7: Template validator against MCR requirements | F7: Margins, font, spacing per MCR 7.212
A8: F | B8: Evidence Linked | C8: 0.12 | D8: All factual claims linked to evidence exhibits | E8: Cross-reference claims → exhibit index | F8: Every factual assertion has exhibit citation
A9: G | B9: Authority Chain Complete | C9: 0.1 | D9: Legal arguments supported by complete authority chain | E9: Authority graph completeness check | F9: Each legal argument has binding authority
A10: H | B10: Proof of Service Ready | C10: 0.08 | D10: Proof of service drafted and ready for execution | E10: Service template completeness check | F10: POS form complete with all party addresses
A11: I | B11: SCAO Forms Included | C11: 0.08 | D11: Required SCAO/court forms attached | E11: Form checklist vs. filing type requirements | F11: All mandatory forms present and filled
A12: J | B12: Signature Block Complete | C12: 0.05 | D12: Signature block with all required elements | E12: Template field validation | F12: Name, address, bar#/SRL, date, signature line

Sheet Placeholder Tracker
A1: PLACEHOLDER TRACKER — 2026-03-12
A2: Filing # | B2: Filing Name | C2: Placeholder Text | D2: Category | E2: Status | F2: Resolution
A3: 2 | B3: Emergency PT Motion | C3: [ANDREW_REQUIRED: Emergency date] | D3: Date | E3: Open
A4: 3 | B4: 22-Count Housing Mega | C4: [ANDREW_REQUIRED: Lease agreement date] | D4: Date | E4: Open
A5: 3 | B5: 22-Count Housing Mega | C5: [ANDREW_REQUIRED: Rent amount] | D5: Financial | E5: Open
A6: 9 | B6: Disqualification Motion | C6: [ANDREW_REQUIRED: Bias incident date] | D6: Date | E6: Open
A7: 14 | B7: Federal Housing (FHA+RICO) | C7: [ANDREW_REQUIRED: HUD complaint #] | D7: Reference | E7: Open
A8: 14 | B8: Federal Housing (FHA+RICO) | C8: [ANDREW_REQUIRED: RICO predicate acts] | D8: Legal | E8: Open
A9: 15 | B9: Watson 13-Count Tort | C9: [ANDREW_REQUIRED: Tort demand amount] | D9: Financial | E9: Open
A10: 17 | B10: Federal §1983 Consolidated | C10: [ANDREW_REQUIRED: Federal case #] | D10: Reference | E10: Open
A11: 18 | B11: HUD Fair Housing Admin | C11: [ANDREW_REQUIRED: HUD filing date] | D11: Date | E11: Open
A12: 21 | B12: Admin Complaints (EGLE+AG) | C12: [ANDREW_REQUIRED: Violation dates] | D12: Date | E12: Open
A13: 22 | B13: Housing Summons Package | C13: [ANDREW_REQUIRED: Service address] | D13: Address | E13: Open
A14: 23 | B14: Malpractice v. Martini | C14: [ANDREW_REQUIRED: Retainer date] | D14: Date | E14: Open
A15: 24 | B15: MSC IFP Application | C15: [ANDREW_REQUIRED: Income documentation] | D15: Financial | E15: Open
A16: 1 | B16: JTC v. McNeill | C16: [PLACEHOLDER: JTC filing date] | D16: Date | E16: Resolved | F16: 2025-01-15 — confirmed from docket
A17: 1 | B17: JTC v. McNeill | C17: [PLACEHOLDER: Judge assignment] | D17: Reference | E17: Resolved | F17: Hon. Chief Justice — per JTC docket
A18: 4 | B18: MSC Emergency Application | C18: [PLACEHOLDER: Application fee] | D18: Financial | E18: Resolved | F18: $375.00 — per MSC fee schedule 2025
A19: 13 | B19: COA Brief 366810 | C19: [PLACEHOLDER: COA docket entry] | D19: Reference | E19: Resolved | F19: Dkt 366810 — confirmed 2025-06-01
A20: 11 | B20: Shady Oaks Circuit | C20: [PLACEHOLDER: Property address] | D20: Address | E20: Resolved | F20: 310 Shady Oaks Dr, Muskegon MI 49442

Sheet Summary Dashboard
A1: SUMMARY DASHBOARD — 2026-03-12
A3: KEY METRICS
A4: Metric | B4: Value
A5: Total Filing Packages | B5: =COUNTA('Scoreboard'!B4:B29)
A6: GO Count | B6: =COUNTIF('Scoreboard'!O4:O29,"GO")
A7: CONDITIONAL Count | B7: =COUNTIF('Scoreboard'!O4:O29,"CONDITIONAL")
A8: NO-GO Count | B8: =COUNTIF('Scoreboard'!O4:O29,"NO-GO")
A9: Average Readiness Score | B9: =AVERAGE('Scoreboard'!N4:N29)
A10: Highest Score | B10: =MAX('Scoreboard'!N4:N29)
A11: Top Package | B11: =INDEX('Scoreboard'!B4:B29,MATCH(MAX('Scoreboard'!N4:N29),'Scoreboard'!N4:N29,0))
A12: Lowest Score (non-zero) | B12: =MINIFS('Scoreboard'!N4:N29,'Scoreboard'!N4:N29,">0")
A13: Lowest Package | B13: =INDEX('Scoreboard'!B4:B29,MATCH(MINIFS('Scoreboard'!N4:N29,'Scoreboard'!N4:N29,">0"),'Scoreboard'!N4:N29,0))
A16: PACKAGES BY COURT
A17: Court / Forum | B17: Count | C17: GO | D17: Avg Score
A18: 14th Circuit | B18: =COUNTIF('Scoreboard'!C4:C29,"14th Circuit") | C18: =COUNTIFS('Scoreboard'!C4:C29,"14th Circuit",'Scoreboard'!O4:O29,"GO") | D18: =IFERROR(AVERAGEIF('Scoreboard'!C4:C29,"14th Circuit",'Scoreboard'!N4:N29),0)
A19: AGC | B19: =COUNTIF('Scoreboard'!C4:C29,"AGC") | C19: =COUNTIFS('Scoreboard'!C4:C29,"AGC",'Scoreboard'!O4:O29,"GO") | D19: =IFERROR(AVERAGEIF('Scoreboard'!C4:C29,"AGC",'Scoreboard'!N4:N29),0)
A20: COA | B20: =COUNTIF('Scoreboard'!C4:C29,"COA") | C20: =COUNTIFS('Scoreboard'!C4:C29,"COA",'Scoreboard'!O4:O29,"GO") | D20: =IFERROR(AVERAGEIF('Scoreboard'!C4:C29,"COA",'Scoreboard'!N4:N29),0)
A21: EGLE/AG | B21: =COUNTIF('Scoreboard'!C4:C29,"EGLE/AG") | C21: =COUNTIFS('Scoreboard'!C4:C29,"EGLE/AG",'Scoreboard'!O4:O29,"GO") | D21: =IFERROR(AVERAGEIF('Scoreboard'!C4:C29,"EGLE/AG",'Scoreboard'!N4:N29),0)
A22: HUD | B22: =COUNTIF('Scoreboard'!C4:C29,"HUD") | C22: =COUNTIFS('Scoreboard'!C4:C29,"HUD",'Scoreboard'!O4:O29,"GO") | D22: =IFERROR(AVERAGEIF('Scoreboard'!C4:C29,"HUD",'Scoreboard'!N4:N29),0)
A23: JTC | B23: =COUNTIF('Scoreboard'!C4:C29,"JTC") | C23: =COUNTIFS('Scoreboard'!C4:C29,"JTC",'Scoreboard'!O4:O29,"GO") | D23: =IFERROR(AVERAGEIF('Scoreboard'!C4:C29,"JTC",'Scoreboard'!N4:N29),0)
A24: LARA | B24: =COUNTIF('Scoreboard'!C4:C29,"LARA") | C24: =COUNTIFS('Scoreboard'!C4:C29,"LARA",'Scoreboard'!O4:O29,"GO") | D24: =IFERROR(AVERAGEIF('Scoreboard'!C4:C29,"LARA",'Scoreboard'!N4:N29),0)
A25: MDHHS | B25: =COUNTIF('Scoreboard'!C4:C29,"MDHHS") | C25: =COUNTIFS('Scoreboard'!C4:C29,"MDHHS",'Scoreboard'!O4:O29,"GO") | D25: =IFERROR(AVERAGEIF('Scoreboard'!C4:C29,"MDHHS",'Scoreboard'!N4:N29),0)
A26: MSC | B26: =COUNTIF('Scoreboard'!C4:C29,"MSC") | C26: =COUNTIFS('Scoreboard'!C4:C29,"MSC",'Scoreboard'!O4:O29,"GO") | D26: =IFERROR(AVERAGEIF('Scoreboard'!C4:C29,"MSC",'Scoreboard'!N4:N29),0)
A27: Multi-Forum | B27: =COUNTIF('Scoreboard'!C4:C29,"Multi-Forum") | C27: =COUNTIFS('Scoreboard'!C4:C29,"Multi-Forum",'Scoreboard'!O4:O29,"GO") | D27: =IFERROR(AVERAGEIF('Scoreboard'!C4:C29,"Multi-Forum",'Scoreboard'!N4:N29),0)
A28: N/A | B28: =COUNTIF('Scoreboard'!C4:C29,"N/A") | C28: =COUNTIFS('Scoreboard'!C4:C29,"N/A",'Scoreboard'!O4:O29,"GO") | D28: =IFERROR(AVERAGEIF('Scoreboard'!C4:C29,"N/A",'Scoreboard'!N4:N29),0)
A29: W.D. Michigan | B29: =COUNTIF('Scoreboard'!C4:C29,"W.D. Michigan") | C29: =COUNTIFS('Scoreboard'!C4:C29,"W.D. Michigan",'Scoreboard'!O4:O29,"GO") | D29: =IFERROR(AVERAGEIF('Scoreboard'!C4:C29,"W.D. Michigan",'Scoreboard'!N4:N29),0)
A32: PLACEHOLDER STATUS
A33: Status | B33: Count
A34: Total Placeholders | B34: =COUNTA('Placeholder Tracker'!C3:C20)
A35: Open | B35: =COUNTIF('Placeholder Tracker'!E3:E20,"Open")
A36: Resolved | B36: =COUNTIF('Placeholder Tracker'!E3:E20,"Resolved")
A37: N/A | B37: =COUNTIF('Placeholder Tracker'!E3:E20,"N/A")
