Workbook

Sheet Active Deadlines
A1: ID | B1: Filing Name | C1: Court | D1: Deadline Date | E1: Days Remaining | F1: Urgency Score | G1: MCR/FRCP Rule | H1: Response Deadline | I1: Status | J1: Notes
A2: 1 | B2: COA Record Appendix | C2: COA 366810 | D2: 46091 | E2: =D2-TODAY() | F2: =IF(E2<0,100,IF(E2<=3,95,IF(E2<=7,85,IF(E2<=14,70,IF(E2<=30,50,IF(E2<=60,30,10)))))) | G2: MCR 7.210 | H2: N/A | I2: =IF(E2<0,"OVERDUE",IF(E2<=7,"CRITICAL",IF(E2<=14,"URGENT",IF(E2<=30,"ACTIVE","PLANNED")))) | J2: Record on appeal – OVERDUE
A3: 2 | B3: McNeill Disqualification | C3: 14th Circuit | D3: 46096 | E3: =D3-TODAY() | F3: =IF(E3<0,100,IF(E3<=3,95,IF(E3<=7,85,IF(E3<=14,70,IF(E3<=30,50,IF(E3<=60,30,10)))))) | G3: MCR 2.003(D) | H3: =D3+14 | I3: =IF(E3<0,"OVERDUE",IF(E3<=7,"CRITICAL",IF(E3<=14,"URGENT",IF(E3<=30,"ACTIVE","PLANNED")))) | J3: 14 days from discovery of bias
A4: 3 | B4: Emergency PT Motion | C4: 14th Circuit | D4: 46089 | E4: =D4-TODAY() | F4: =IF(E4<0,100,IF(E4<=3,95,IF(E4<=7,85,IF(E4<=14,70,IF(E4<=30,50,IF(E4<=60,30,10)))))) | G4: MCR 2.119(F) | H4: N/A | I4: =IF(E4<0,"OVERDUE",IF(E4<=7,"CRITICAL",IF(E4<=14,"URGENT",IF(E4<=30,"ACTIVE","PLANNED")))) | J4: No notice required – EMERGENCY
A5: 4 | B5: JTC Formal Complaint | C5: JTC | D5: 46103 | E5: =D5-TODAY() | F5: =IF(E5<0,100,IF(E5<=3,95,IF(E5<=7,85,IF(E5<=14,70,IF(E5<=30,50,IF(E5<=60,30,10)))))) | G5: JTC Rule 3 | H5: N/A | I5: =IF(E5<0,"OVERDUE",IF(E5<=7,"CRITICAL",IF(E5<=14,"URGENT",IF(E5<=30,"ACTIVE","PLANNED")))) | J5: Judicial misconduct complaint
A6: 5 | B6: MSC Superintending Control | C6: MSC | D6: 46106 | E6: =D6-TODAY() | F6: =IF(E6<0,100,IF(E6<=3,95,IF(E6<=7,85,IF(E6<=14,70,IF(E6<=30,50,IF(E6<=60,30,10)))))) | G6: MCR 7.304 | H6: N/A | I6: =IF(E6<0,"OVERDUE",IF(E6<=7,"CRITICAL",IF(E6<=14,"URGENT",IF(E6<=30,"ACTIVE","PLANNED")))) | J6: Original proceeding
A7: 6 | B7: Contempt Show Cause | C7: 14th Circuit | D7: 46109 | E7: =D7-TODAY() | F7: =IF(E7<0,100,IF(E7<=3,95,IF(E7<=7,85,IF(E7<=14,70,IF(E7<=30,50,IF(E7<=60,30,10)))))) | G7: MCL 552.1 | H7: =D7+21 | I7: =IF(E7<0,"OVERDUE",IF(E7<=7,"CRITICAL",IF(E7<=14,"URGENT",IF(E7<=30,"ACTIVE","PLANNED")))) | J7: Custody order violation
A8: 7 | B8: AGC Complaint v. Berry | C8: AGC | D8: 46111 | E8: =D8-TODAY() | F8: =IF(E8<0,100,IF(E8<=3,95,IF(E8<=7,85,IF(E8<=14,70,IF(E8<=30,50,IF(E8<=60,30,10)))))) | G8: MRPC 8.3 | H8: N/A | I8: =IF(E8<0,"OVERDUE",IF(E8<=7,"CRITICAL",IF(E8<=14,"URGENT",IF(E8<=30,"ACTIVE","PLANNED")))) | J8: Attorney grievance filing
A9: 8 | B9: Federal §1983 | C9: W.D. Michigan | D9: 46127 | E9: =D9-TODAY() | F9: =IF(E9<0,100,IF(E9<=3,95,IF(E9<=7,85,IF(E9<=14,70,IF(E9<=30,50,IF(E9<=60,30,10)))))) | G9: FRCP Rule 3 | H9: =D9+21 | I9: =IF(E9<0,"OVERDUE",IF(E9<=7,"CRITICAL",IF(E9<=14,"URGENT",IF(E9<=30,"ACTIVE","PLANNED")))) | J9: Civil rights federal action
A10: 9 | B10: Watson 13-Count Tort | C10: 14th Circuit | D10: 46132 | E10: =D10-TODAY() | F10: =IF(E10<0,100,IF(E10<=3,95,IF(E10<=7,85,IF(E10<=14,70,IF(E10<=30,50,IF(E10<=60,30,10)))))) | G10: MCR 2.110 | H10: =D10+21 | I10: =IF(E10<0,"OVERDUE",IF(E10<=7,"CRITICAL",IF(E10<=14,"URGENT",IF(E10<=30,"ACTIVE","PLANNED")))) | J10: State tort complaint
A11: 10 | B11: MSC Emergency Application | C11: MSC | D11: 46117 | E11: =D11-TODAY() | F11: =IF(E11<0,100,IF(E11<=3,95,IF(E11<=7,85,IF(E11<=14,70,IF(E11<=30,50,IF(E11<=60,30,10)))))) | G11: MCR 7.311(D) | H11: N/A | I11: =IF(E11<0,"OVERDUE",IF(E11<=7,"CRITICAL",IF(E11<=14,"URGENT",IF(E11<=30,"ACTIVE","PLANNED")))) | J11: Emergency relief application
A12: 11 | B12: MSC Mandamus | C12: MSC | D12: 46120 | E12: =D12-TODAY() | F12: =IF(E12<0,100,IF(E12<=3,95,IF(E12<=7,85,IF(E12<=14,70,IF(E12<=30,50,IF(E12<=60,30,10)))))) | G12: MCR 7.304 | H12: N/A | I12: =IF(E12<0,"OVERDUE",IF(E12<=7,"CRITICAL",IF(E12<=14,"URGENT",IF(E12<=30,"ACTIVE","PLANNED")))) | J12: Writ of mandamus
A13: 12 | B13: MSC Habeas Corpus | C13: MSC | D13: 46122 | E13: =D13-TODAY() | F13: =IF(E13<0,100,IF(E13<=3,95,IF(E13<=7,85,IF(E13<=14,70,IF(E13<=30,50,IF(E13<=60,30,10)))))) | G13: MCR 3.303 | H13: N/A | I13: =IF(E13<0,"OVERDUE",IF(E13<=7,"CRITICAL",IF(E13<=14,"URGENT",IF(E13<=30,"ACTIVE","PLANNED")))) | J13: Unlawful restraint challenge
A14: 13 | B14: COA Appellant's Brief | C14: COA 366810 | D14: 46127 | E14: =D14-TODAY() | F14: =IF(E14<0,100,IF(E14<=3,95,IF(E14<=7,85,IF(E14<=14,70,IF(E14<=30,50,IF(E14<=60,30,10)))))) | G14: MCR 7.212 | H14: N/A | I14: =IF(E14<0,"OVERDUE",IF(E14<=7,"CRITICAL",IF(E14<=14,"URGENT",IF(E14<=30,"ACTIVE","PLANNED")))) | J14: 56 days from record filing
A15: 14 | B15: PPO Modification | C15: 14th Circuit | D15: 46143 | E15: =D15-TODAY() | F15: =IF(E15<0,100,IF(E15<=3,95,IF(E15<=7,85,IF(E15<=14,70,IF(E15<=30,50,IF(E15<=60,30,10)))))) | G15: MCR 3.707 | H15: =D15+14 | I15: =IF(E15<0,"OVERDUE",IF(E15<=7,"CRITICAL",IF(E15<=14,"URGENT",IF(E15<=30,"ACTIVE","PLANNED")))) | J15: Modify existing PPO
A16: 15 | B16: 22-Count Housing | C16: 14th Circuit | D16: 46157 | E16: =D16-TODAY() | F16: =IF(E16<0,100,IF(E16<=3,95,IF(E16<=7,85,IF(E16<=14,70,IF(E16<=30,50,IF(E16<=60,30,10)))))) | G16: MCR 2.110 | H16: =D16+21 | I16: =IF(E16<0,"OVERDUE",IF(E16<=7,"CRITICAL",IF(E16<=14,"URGENT",IF(E16<=30,"ACTIVE","PLANNED")))) | J16: Housing damages complaint
A17: 16 | B17: Federal Housing FHA+RICO | C17: W.D. Michigan | D17: 46162 | E17: =D17-TODAY() | F17: =IF(E17<0,100,IF(E17<=3,95,IF(E17<=7,85,IF(E17<=14,70,IF(E17<=30,50,IF(E17<=60,30,10)))))) | G17: FRCP Rule 3 | H17: =D17+21 | I17: =IF(E17<0,"OVERDUE",IF(E17<=7,"CRITICAL",IF(E17<=14,"URGENT",IF(E17<=30,"ACTIVE","PLANNED")))) | J17: Federal housing claims
A18: 17 | B18: LARA Complaint | C18: LARA | D18: 46174 | E18: =D18-TODAY() | F18: =IF(E18<0,100,IF(E18<=3,95,IF(E18<=7,85,IF(E18<=14,70,IF(E18<=30,50,IF(E18<=60,30,10)))))) | G18: MCL 125.2301 | H18: N/A | I18: =IF(E18<0,"OVERDUE",IF(E18<=7,"CRITICAL",IF(E18<=14,"URGENT",IF(E18<=30,"ACTIVE","PLANNED")))) | J18: Regulatory complaint
A19: 18 | B19: HUD Fair Housing | C19: HUD | D19: 46188 | E19: =D19-TODAY() | F19: =IF(E19<0,100,IF(E19<=3,95,IF(E19<=7,85,IF(E19<=14,70,IF(E19<=30,50,IF(E19<=60,30,10)))))) | G19: 42 USC §3610 | H19: N/A | I19: =IF(E19<0,"OVERDUE",IF(E19<=7,"CRITICAL",IF(E19<=14,"URGENT",IF(E19<=30,"ACTIVE","PLANNED")))) | J19: Federal fair housing complaint
A20: 19 | B20: Discovery Blitz | C20: All Courts | D20: 46204 | E20: =D20-TODAY() | F20: =IF(E20<0,100,IF(E20<=3,95,IF(E20<=7,85,IF(E20<=14,70,IF(E20<=30,50,IF(E20<=60,30,10)))))) | G20: MCR 2.302 | H20: =D20+28 | I20: =IF(E20<0,"OVERDUE",IF(E20<=7,"CRITICAL",IF(E20<=14,"URGENT",IF(E20<=30,"ACTIVE","PLANNED")))) | J20: Coordinated discovery campaign

Sheet MCR Rule Reference
A1: Rule Number | B1: Rule Name | C1: Filing Type | D1: Time Requirement | E1: Service Add-on | F1: Special Notes
A2: MCR 2.003(D) | B2: Disqualification of Judge | C2: Motion | D2: 14 days from discovery of bias | E2: +3 mail / +7 out-of-state / +3 e-file | F2: Must file affidavit; chief judge decides if judge refuses recusal
A3: MCR 2.108 | B3: Answer/Response Time | C3: Answer | D3: 21 days after service | E3: +3 mail / +7 out-of-state / +3 e-file | F3: Failure to answer → default judgment under MCR 2.603
A4: MCR 2.110 | B4: Summons Requirements | C4: Summons & Complaint | D4: 91 days to serve after filing | E4: +3 mail / +7 out-of-state / +3 e-file | F4: Must include case number, parties, court address
A5: MCR 2.119(A)(1) | B5: Motion Format & Timing | C5: Motion | D5: 14 days notice before hearing | E5: +3 mail / +7 out-of-state / +3 e-file | F5: Brief and proposed order required; concise statement of issues
A6: MCR 2.119(F) | B6: Emergency Motions | C6: Emergency Motion | D6: No notice required | E6: N/A – emergency | F6: Must show irreparable harm; ex parte if necessary
A7: MCR 2.302 | B7: Discovery Scope | C7: Discovery Requests | D7: Proportional to needs | E7: +3 mail / +7 out-of-state / +3 e-file | F7: Broad scope; relevant + proportional standard
A8: MCR 2.309 | B8: Interrogatories | C8: Written Discovery | D8: 28 days to respond | E8: +3 mail / +7 out-of-state / +3 e-file | F8: Max 35 including subparts; court may allow more
A9: MCR 2.310 | B9: Requests for Production | C9: Written Discovery | D9: 28 days to respond | E9: +3 mail / +7 out-of-state / +3 e-file | F9: Must specify documents with reasonable particularity
A10: MCR 2.312 | B10: Requests for Admission | C10: Written Discovery | D10: 28 days to respond | E10: +3 mail / +7 out-of-state / +3 e-file | F10: DEEMED ADMITTED if no timely response – powerful tool
A11: MCR 2.401 | B11: Pretrial Conference | C11: Scheduling | D11: Set by court order | E11: N/A | F11: Court sets scheduling order; discovery cutoff, trial date
A12: MCR 2.612(C)(1) | B12: Relief from Void Judgment | C12: Motion | D12: No time limit – ANY TIME | E12: +3 mail / +7 out-of-state / +3 e-file | F12: Void judgment = court lacked jurisdiction; no time bar
... A21: MCR 7.311 | B21: Emergency Applications in MSC | C21: Emergency Application | D21: Immediate – no set limit | E21: Per MSC rules | F21: Must show extraordinary circumstances; bypass COA possible

Sheet Statute of Limitations
A1: Cause of Action | B1: SOL Period | C1: Statute | D1: Start Date | E1: Expiry Date | F1: Days Until Expiry | G1: Status | H1: Lane
A2: Defamation / Slander | B2: 1 year | C2: MCL 600.5805(3) | D2: 45689 | E2: 46054 | F2: =E2-TODAY() | G2: =IF(E2<TODAY(),"EXPIRED",IF(F2<=90,"CRITICAL",IF(F2<=180,"WATCH","SAFE"))) | H2: A
A3: IIED | B3: 2 years | C3: MCL 600.5805(2) | D3: 45444 | E3: 46174 | F3: =E3-TODAY() | G3: =IF(E3<TODAY(),"EXPIRED",IF(F3<=90,"CRITICAL",IF(F3<=180,"WATCH","SAFE"))) | H3: A
A4: Fraud | B4: 6 years | C4: MCL 600.5813 | D4: 44562 | E4: 46753 | F4: =E4-TODAY() | G4: =IF(E4<TODAY(),"EXPIRED",IF(F4<=90,"CRITICAL",IF(F4<=180,"WATCH","SAFE"))) | H4: A
A5: Conversion | B5: 3 years | C5: MCL 600.5805(10) | D5: 44927 | E5: 46023 | F5: =E5-TODAY() | G5: =IF(E5<TODAY(),"EXPIRED",IF(F5<=90,"CRITICAL",IF(F5<=180,"WATCH","SAFE"))) | H5: B
A6: Civil Conspiracy | B6: 3 years | C6: MCL 600.5805(10) | D6: 45078 | E6: 46174 | F6: =E6-TODAY() | G6: =IF(E6<TODAY(),"EXPIRED",IF(F6<=90,"CRITICAL",IF(F6<=180,"WATCH","SAFE"))) | H6: C
A7: Federal §1983 | B7: 3 years | C7: MCL 600.5805(10) | D7: 45292 | E7: 46388 | F7: =E7-TODAY() | G7: =IF(E7<TODAY(),"EXPIRED",IF(F7<=90,"CRITICAL",IF(F7<=180,"WATCH","SAFE"))) | H7: E
A8: Contract Breach | B8: 6 years | C8: MCL 600.5807(8) | D8: 44713 | E8: 46905 | F8: =E8-TODAY() | G8: =IF(E8<TODAY(),"EXPIRED",IF(F8<=90,"CRITICAL",IF(F8<=180,"WATCH","SAFE"))) | H8: B
A9: FHA Violation | B9: 2 years | C9: 42 USC §3613 | D9: 45444 | E9: 46174 | F9: =E9-TODAY() | G9: =IF(E9<TODAY(),"EXPIRED",IF(F9<=90,"CRITICAL",IF(F9<=180,"WATCH","SAFE"))) | H9: B
A10: RICO | B10: 6 years | C10: MCL 750.159j | D10: 44562 | E10: 46753 | F10: =E10-TODAY() | G10: =IF(E10<TODAY(),"EXPIRED",IF(F10<=90,"CRITICAL",IF(F10<=180,"WATCH","SAFE"))) | H10: B
A11: Consumer Protection | B11: 6 years | C11: MCL 445.911 | D11: 44713 | E11: 46905 | F11: =E11-TODAY() | G11: =IF(E11<TODAY(),"EXPIRED",IF(F11<=90,"CRITICAL",IF(F11<=180,"WATCH","SAFE"))) | H11: B

Sheet Calendar Export
A1: Event Title | B1: Start Date | C1: End Date | D1: Location | E1: Description | F1: Alert Days Before
A2: ='Active Deadlines'!B2 | B2: ='Active Deadlines'!D2 | C2: =B2+1 | D2: ='Active Deadlines'!C2 | E2: ="["&'Active Deadlines'!G2&"] "&'Active Deadlines'!J2 | F2: 14
A3: ='Active Deadlines'!B3 | B3: ='Active Deadlines'!D3 | C3: =B3+1 | D3: ='Active Deadlines'!C3 | E3: ="["&'Active Deadlines'!G3&"] "&'Active Deadlines'!J3 | F3: 7
A4: ='Active Deadlines'!B4 | B4: ='Active Deadlines'!D4 | C4: =B4+1 | D4: ='Active Deadlines'!C4 | E4: ="["&'Active Deadlines'!G4&"] "&'Active Deadlines'!J4 | F4: 7
A5: ='Active Deadlines'!B5 | B5: ='Active Deadlines'!D5 | C5: =B5+1 | D5: ='Active Deadlines'!C5 | E5: ="["&'Active Deadlines'!G5&"] "&'Active Deadlines'!J5 | F5: 7
A6: ='Active Deadlines'!B6 | B6: ='Active Deadlines'!D6 | C6: =B6+1 | D6: ='Active Deadlines'!C6 | E6: ="["&'Active Deadlines'!G6&"] "&'Active Deadlines'!J6 | F6: 7
A7: ='Active Deadlines'!B7 | B7: ='Active Deadlines'!D7 | C7: =B7+1 | D7: ='Active Deadlines'!C7 | E7: ="["&'Active Deadlines'!G7&"] "&'Active Deadlines'!J7 | F7: 7
A8: ='Active Deadlines'!B8 | B8: ='Active Deadlines'!D8 | C8: =B8+1 | D8: ='Active Deadlines'!C8 | E8: ="["&'Active Deadlines'!G8&"] "&'Active Deadlines'!J8 | F8: 7
A9: ='Active Deadlines'!B9 | B9: ='Active Deadlines'!D9 | C9: =B9+1 | D9: ='Active Deadlines'!C9 | E9: ="["&'Active Deadlines'!G9&"] "&'Active Deadlines'!J9 | F9: 14
A10: ='Active Deadlines'!B10 | B10: ='Active Deadlines'!D10 | C10: =B10+1 | D10: ='Active Deadlines'!C10 | E10: ="["&'Active Deadlines'!G10&"] "&'Active Deadlines'!J10 | F10: 14
A11: ='Active Deadlines'!B11 | B11: ='Active Deadlines'!D11 | C11: =B11+1 | D11: ='Active Deadlines'!C11 | E11: ="["&'Active Deadlines'!G11&"] "&'Active Deadlines'!J11 | F11: 7
A12: ='Active Deadlines'!B12 | B12: ='Active Deadlines'!D12 | C12: =B12+1 | D12: ='Active Deadlines'!C12 | E12: ="["&'Active Deadlines'!G12&"] "&'Active Deadlines'!J12 | F12: 7
A13: ='Active Deadlines'!B13 | B13: ='Active Deadlines'!D13 | C13: =B13+1 | D13: ='Active Deadlines'!C13 | E13: ="["&'Active Deadlines'!G13&"] "&'Active Deadlines'!J13 | F13: 7
... A20: ='Active Deadlines'!B20 | B20: ='Active Deadlines'!D20 | C20: =B20+1 | D20: ='Active Deadlines'!C20 | E20: ="["&'Active Deadlines'!G20&"] "&'Active Deadlines'!J20 | F20: 7
